Staff Name,Unit,Role
Jennifer,Card Perso,Operator
Godday,Card Perso,Operator
Kingsley,Card Perso,Operator
Judith,Card Perso,Operator
Naomi,Card Perso,Operator
Chidinma,PMC,Operator
Emeka,PMC,Operator
Funke,PMC,Operator
Tunde,PMC,Operator
Amaka,PMC,Operator
Bola,PMC,Operator
Chuka,PMC,Operator
Dayo,PMC,Operator
Efe,Telco,Operator
Femi,Telco,Operator
Gift,Telco,Operator
Hadiza,Telco,Operator
Ibrahim,OC200,Operator
Joy,OC200,Operator
Kemi,SM74,Operator
Lekan,SM74,Operator
Musa,Mailer Unit,Operator
Ngozi,Mailer Unit,Operator
Obinna,CTP Unit,Operator
Peace,CTP Unit,Operator
Queen,CTP Unit,Operator
Rotimi,IT,Operator
Sade,IT,Operator
Tosin,Business,Staff
Uche,Business,Staff
Victor,Business,Staff
Wale,Business,Staff
Yemi,Admin,Staff
Zainab,Admin,Staff
Abiola,Admin,Staff
Blessing,QC,Staff
Chiamaka,QC,Staff
Damilola,QC,Staff
Eniola,QC,Staff
Folake,Vault,Staff
Gbenga,Vault,Staff
Halima,Vault,Staff
Ifeanyi,Fulfillment,Staff
Jide,Fulfillment,Staff
Kunle,Fulfillment,Staff
Lara,Fulfillment,Staff
Mide,Fulfillment,Staff
