Scope,Unit,Name,Daily Target,Monthly Target,Yearly Target
Unit,Card Perso,All,60900,1339800,15834000
Unit,PMC,All,159700,3513400,41522000
Unit,Telco,All,72000,1584000,18720000
Unit,OC200,All,4300,94600,1118000
Unit,SM74,All,21100,464200,5486000
Unit,Mailer Unit,All,8600,189200,2236000
Unit,CTP Unit,All,500,11000,130000
Unit,IT,All,5400,118800,1404000
Unit,Business,All,30,660,7800
Unit,Admin,All,70,1540,18200
Unit,QC,All,300,6600,78000
Unit,Vault,All,140,3080,36400
Unit,Fulfillment,All,700,15400,182000
